INSERT INTO alimentos_alimento (nome, descricao, medida) VALUES ('Filet Mignon'	,'Carne nobre do boi',	'gramas');
INSERT INTO alimentos_alimento (nome, descricao, medida) VALUES ('Peito Frango'	,'Carne branca rica em proteina',	'gramas');
INSERT INTO alimentos_alimento (nome, descricao, medida) VALUES ('Linguica'	,'Carne processada',	'gramas');
INSERT INTO alimentos_alimento (nome, descricao, medida) VALUES ('Leite'	,'Bebida láctea com lactose',	'litros');
INSERT INTO alimentos_alimento (nome, descricao, medida) VALUES ('Cerveja'	,'Bebida alcoolica',	'litros');
INSERT INTO alimentos_alimento (nome, descricao, medida) VALUES ('Vinho'	,'Bebida fermentada da uva - Alcoolica',	'litros');
INSERT INTO alimentos_alimento (nome, descricao, medida) VALUES ('Oleo'	,'Gordura de soja',	'litros');
INSERT INTO alimentos_alimento (nome, descricao, medida) VALUES ('Ovo'	,'De origem animal rica em proteina',	'unidade');
INSERT INTO alimentos_alimento (nome, descricao, medida) VALUES ('Cebola'	,'Vegetal saboroso',	'unidade');
INSERT INTO alimentos_alimento (nome, descricao, medida) VALUES ('Pao'	,'Massa de trigo - contem gluten',	'unidade');
INSERT INTO alimentos_alimento (nome, descricao, medida) VALUES ('Arroz'	,'Cereal rico em carboidrato',	'gramas');
INSERT INTO alimentos_alimento (nome, descricao, medida) VALUES ('Alho'	,'Vegetal para temeperar',	'unidade');
INSERT INTO alimentos_alimento (nome, descricao, medida) VALUES ('Milho'	,'Grao versatil',	'gramas');
INSERT INTO alimentos_alimento (nome, descricao, medida) VALUES ('Feijao'	,'Grao rico em ferro',	'gramas');
INSERT INTO alimentos_alimento (nome, descricao, medida) VALUES ('Creme de leite'	,'Bebida lactea cremosa',	'litros');
INSERT INTO alimentos_alimento (nome, descricao, medida) VALUES ('Azeitona'	,'Fruta em conserva',	'gramas');
INSERT INTO alimentos_alimento (nome, descricao, medida) VALUES ('Macarrao'	,'Massa versatil - com gluten',	'gramas');
INSERT INTO alimentos_alimento (nome, descricao, medida) VALUES ('Batata'	,'Raiz tuberculo rico em carboidrato',	'gramas');
INSERT INTO alimentos_alimento (nome, descricao, medida) VALUES ('Queijo'	,'Leite coalhado',	'gramas');
INSERT INTO alimentos_alimento (nome, descricao, medida) VALUES ('Alface'	,'Verdura fresca',	'unidade');
INSERT INTO alimentos_alimento (nome, descricao, medida) VALUES ('Tomate'	,'Fruta suculenta',	'gramas');
INSERT INTO alimentos_alimento (nome, descricao, medida) VALUES ('Sal'	,'Produto refinado',	'gramas');
INSERT INTO alimentos_alimento (nome, descricao, medida) VALUES ('Acucar'	,'Produto refinado',	'gramas');
INSERT INTO alimentos_alimento (nome, descricao, medida) VALUES ('Cafe'	,'Produto refinado e torrado',	'gramas');
INSERT INTO alimentos_alimento (nome, descricao, medida) VALUES ('Maionese'	,'Condimento de ovo e oleo',	'gramas');

INSERT INTO receitas_receita (nome, modopreparo) VALUES ('Pao com ovo', 'Fritar ovo no óleo, colocar no pão');
INSERT INTO receitas_receita (nome, modopreparo) VALUES ('Arroz cozido', 'Refogar o arroz em oleo, alho e sal a gosto, adicionar agua até cobrir e cozinhar por 30 min');
INSERT INTO receitas_receita (nome, modopreparo) VALUES ('Macarronada', 'Cozinhar o macarrao em água. Refogar o tomate com cebola e alho, adiconar macarrao cozido e escorrido');
INSERT INTO receitas_receita (nome, modopreparo) VALUES ('Strogonoff', 'Fritar o frango com alho e cebola. Adicionar tomate. Adicionar creme de leite. Sal, azeitona e milho a gosto');
INSERT INTO receitas_receita (nome, modopreparo) VALUES ('Feijoada', 'Cozinhar feijao. Fritar linguica. Refogar feijao com alho e cebola. Adicionar linguica frita.');
INSERT INTO receitas_receita (nome, modopreparo) VALUES ('Pipoca', 'Adicona óleo e mexer até estourar todo o milho.');
INSERT INTO receitas_receita (nome, modopreparo) VALUES ('Batata frita', 'Adicona óleo e fritar a batata até ela ficar dourada.');
INSERT INTO receitas_receita (nome, modopreparo) VALUES ('Salada Caesar', 'Torrar o pão com alho. Adicionar maionese. Adicionar alface. Adicionar tomate.');
INSERT INTO receitas_receita (nome, modopreparo) VALUES ('Filet grelhado', 'Grelhar na grelha até ficar a seu gosto. Sal a gosto');
INSERT INTO receitas_receita (nome, modopreparo) VALUES ('Cafe coado', 'Ferver agua e passar pelo po de cafe.');

INSERT INTO receitas_utiliza (nomereceita_id, nomealimento_id, quantidade) VALUES ('Pao com ovo', 'Pao',	1);
INSERT INTO receitas_utiliza (nomereceita_id, nomealimento_id, quantidade) VALUES ('Pao com ovo', 'Ovo',	1);
INSERT INTO receitas_utiliza (nomereceita_id, nomealimento_id, quantidade) VALUES ('Pao com ovo', 'Oleo',	0.1);
INSERT INTO receitas_utiliza (nomereceita_id, nomealimento_id, quantidade) VALUES ('Arroz cozido', 'Arroz',	100);
INSERT INTO receitas_utiliza (nomereceita_id, nomealimento_id, quantidade) VALUES ('Arroz cozido', 'Oleo',	0.25);
INSERT INTO receitas_utiliza (nomereceita_id, nomealimento_id, quantidade) VALUES ('Arroz cozido', 'Sal',	5);
INSERT INTO receitas_utiliza (nomereceita_id, nomealimento_id, quantidade) VALUES ('Arroz cozido', 'Alho',	0.5);
INSERT INTO receitas_utiliza (nomereceita_id, nomealimento_id, quantidade) VALUES ('Macarronada', 'Macarrao',	250);
INSERT INTO receitas_utiliza (nomereceita_id, nomealimento_id, quantidade) VALUES ('Macarronada', 'Oleo',	0.25);
INSERT INTO receitas_utiliza (nomereceita_id, nomealimento_id, quantidade) VALUES ('Macarronada', 'Alho',	0.5);
INSERT INTO receitas_utiliza (nomereceita_id, nomealimento_id, quantidade) VALUES ('Macarronada', 'Tomate',	2);
INSERT INTO receitas_utiliza (nomereceita_id, nomealimento_id, quantidade) VALUES ('Macarronada', 'Cebola',	1);
INSERT INTO receitas_utiliza (nomereceita_id, nomealimento_id, quantidade) VALUES ('Macarronada', 'Sal',	0.2);
INSERT INTO receitas_utiliza (nomereceita_id, nomealimento_id, quantidade) VALUES ('Strogonoff', 'Peito Frango',	500);
INSERT INTO receitas_utiliza (nomereceita_id, nomealimento_id, quantidade) VALUES ('Strogonoff', 'Oleo',	0.5);
INSERT INTO receitas_utiliza (nomereceita_id, nomealimento_id, quantidade) VALUES ('Strogonoff', 'Alho',	1);
INSERT INTO receitas_utiliza (nomereceita_id, nomealimento_id, quantidade) VALUES ('Strogonoff', 'Milho',	200);
INSERT INTO receitas_utiliza (nomereceita_id, nomealimento_id, quantidade) VALUES ('Strogonoff', 'Azeitona',	50);
INSERT INTO receitas_utiliza (nomereceita_id, nomealimento_id, quantidade) VALUES ('Strogonoff', 'Creme de leite',	0.2);
INSERT INTO receitas_utiliza (nomereceita_id, nomealimento_id, quantidade) VALUES ('Strogonoff', 'Sal',	0.2);
INSERT INTO receitas_utiliza (nomereceita_id, nomealimento_id, quantidade) VALUES ('Feijoada', 'Feijao',	300);
INSERT INTO receitas_utiliza (nomereceita_id, nomealimento_id, quantidade) VALUES ('Feijoada', 'Linguica',	300);
INSERT INTO receitas_utiliza (nomereceita_id, nomealimento_id, quantidade) VALUES ('Feijoada', 'Alho',	1);
INSERT INTO receitas_utiliza (nomereceita_id, nomealimento_id, quantidade) VALUES ('Feijoada', 'Cebola',	2);
INSERT INTO receitas_utiliza (nomereceita_id, nomealimento_id, quantidade) VALUES ('Feijoada', 'Sal',	10);
INSERT INTO receitas_utiliza (nomereceita_id, nomealimento_id, quantidade) VALUES ('Pipoca', 'Sal',	4);
INSERT INTO receitas_utiliza (nomereceita_id, nomealimento_id, quantidade) VALUES ('Pipoca', 'Milho',	50);
INSERT INTO receitas_utiliza (nomereceita_id, nomealimento_id, quantidade) VALUES ('Pipoca', 'Oleo',	0.2);
INSERT INTO receitas_utiliza (nomereceita_id, nomealimento_id, quantidade) VALUES ('Batata frita', 'Batata',	400);
INSERT INTO receitas_utiliza (nomereceita_id, nomealimento_id, quantidade) VALUES ('Batata frita', 'Sal',	8);
INSERT INTO receitas_utiliza (nomereceita_id, nomealimento_id, quantidade) VALUES ('Batata frita', 'Oleo',	0.3);
INSERT INTO receitas_utiliza (nomereceita_id, nomealimento_id, quantidade) VALUES ('Salada Caesar', 'Alface',	1);
INSERT INTO receitas_utiliza (nomereceita_id, nomealimento_id, quantidade) VALUES ('Salada Caesar', 'Pao',	2);
INSERT INTO receitas_utiliza (nomereceita_id, nomealimento_id, quantidade) VALUES ('Salada Caesar', 'Tomate',	2);
INSERT INTO receitas_utiliza (nomereceita_id, nomealimento_id, quantidade) VALUES ('Salada Caesar', 'Alho',	0.3);
INSERT INTO receitas_utiliza (nomereceita_id, nomealimento_id, quantidade) VALUES ('Salada Caesar', 'Maionese',	50);
INSERT INTO receitas_utiliza (nomereceita_id, nomealimento_id, quantidade) VALUES ('Filet grelhado', 'Filet Mignon',	250);
INSERT INTO receitas_utiliza (nomereceita_id, nomealimento_id, quantidade) VALUES ('Filet grelhado', 'Sal',	250);
INSERT INTO receitas_utiliza (nomereceita_id, nomealimento_id, quantidade) VALUES ('Cafe coado', 'Cafe',	80);
INSERT INTO receitas_utiliza (nomereceita_id, nomealimento_id, quantidade) VALUES ('Cafe coado', 'Acucar',	10);

